ID,resname,resid,x_1,y_1,z_1,x_2,y_2,z_2,x_3,y_3,z_3,x_4,y_4,z_4,x_5,y_5,z_5
1,A,1,0.0,0.0,0.0,0.0,0.0,0.0,0.0,0.0,0.0,0.0,0.0,0.0,0.0,0.0,0.0
2,C,2,1.0,0.0,0.0,1.0,0.0,0.0,1.0,0.0,0.0,1.0,0.0,0.0,1.0,0.0,0.0
3,G,3,0.8740020990371704,1.3096799850463867,0.0,0.8740020990371704,1.3096799850463867,0.0,0.8740020990371704,1.3096799850463867,0.0,0.8740020990371704,1.3096799850463867,0.0,0.8740020990371704,1.3096799850463867,0.0
4,U,4,0.18234139680862427,0.9612300395965576,0.0,0.18234139680862427,0.9612300395965576,0.0,0.18234139680862427,0.9612300395965576,0.0,0.18234139680862427,0.9612300395965576,0.0,0.18234139680862427,0.9612300395965576,0.0
5,A,5,0.7262111902236938,-0.704626739025116,0.0,0.7262111902236938,-0.704626739025116,0.0,0.7262111902236938,-0.704626739025116,0.0,0.7262111902236938,-0.704626739025116,0.0,0.7262111902236938,-0.704626739025116,0.0
6,C,6,3.1814639568328857,0.22562766075134277,0.0,3.1814639568328857,0.22562766075134277,0.0,3.1814639568328857,0.22562766075134277,0.0,3.1814639568328857,0.22562766075134277,0.0,3.1814639568328857,0.22562766075134277,0.0
7,G,7,3.0761630535125732,1.552821159362793,0.0,3.0761630535125732,1.552821159362793,0.0,3.0761630535125732,1.552821159362793,0.0,3.0761630535125732,1.552821159362793,0.0,3.0761630535125732,1.552821159362793,0.0
8,U,8,2.380706310272217,1.2233372926712036,0.0,2.380706310272217,1.2233372926712036,0.0,2.380706310272217,1.2233372926712036,0.0,2.380706310272217,1.2233372926712036,0.0,2.380706310272217,1.2233372926712036,0.0
