ID,resname,resid,x_1,y_1,z_1,x_2,y_2,z_2,x_3,y_3,z_3,x_4,y_4,z_4,x_5,y_5,z_5
1,A,1,0.0,0.0,0.0,0.0,0.0,0.0,0.0,0.0,0.0,0.0,0.0,0.0,0.0,0.0,0.0
2,C,2,0.1684972047805786,0.40257692337036133,0.0,0.1684972047805786,0.40257692337036133,0.0,0.1684972047805786,0.40257692337036133,0.0,0.1684972047805786,0.40257692337036133,0.0,0.1684972047805786,0.40257692337036133,0.0
3,G,3,0.5178214311599731,0.33023539185523987,-0.2005620002746582,0.5178214311599731,0.33023539185523987,-0.2005620002746582,0.5178214311599731,0.33023539185523987,-0.2005620002746582,0.5178214311599731,0.33023539185523987,-0.2005620002746582,0.5178214311599731,0.33023539185523987,-0.2005620002746582
4,U,4,0.5805497169494629,0.3172449767589569,-0.6239294409751892,0.5805497169494629,0.3172449767589569,-0.6239294409751892,0.5805497169494629,0.3172449767589569,-0.6239294409751892,0.5805497169494629,0.3172449767589569,-0.6239294409751892,0.5805497169494629,0.3172449767589569,-0.6239294409751892
5,A,5,0.9313399195671082,0.24459978938102722,-0.821724534034729,0.9313399195671082,0.24459978938102722,-0.821724534034729,0.9313399195671082,0.24459978938102722,-0.821724534034729,0.9313399195671082,0.24459978938102722,-0.821724534034729,0.9313399195671082,0.24459978938102722,-0.821724534034729
6,C,6,0.9975466728210449,0.23088908195495605,-1.2447689771652222,0.9975466728210449,0.23088908195495605,-1.2447689771652222,0.9975466728210449,0.23088908195495605,-1.2447689771652222,0.9975466728210449,0.23088908195495605,-1.2447689771652222,0.9975466728210449,0.23088908195495605,-1.2447689771652222
7,G,7,1.349799633026123,0.15794110298156738,-1.439753770828247,1.349799633026123,0.15794110298156738,-1.439753770828247,1.349799633026123,0.15794110298156738,-1.439753770828247,1.349799633026123,0.15794110298156738,-1.439753770828247,1.349799633026123,0.15794110298156738,-1.439753770828247
8,U,8,1.4195266962051392,0.14350122213363647,-1.8624416589736938,1.4195266962051392,0.14350122213363647,-1.8624416589736938,1.4195266962051392,0.14350122213363647,-1.8624416589736938,1.4195266962051392,0.14350122213363647,-1.8624416589736938,1.4195266962051392,0.14350122213363647,-1.8624416589736938
