ID,resname,resid,x_1,y_1,z_1,x_2,y_2,z_2,x_3,y_3,z_3,x_4,y_4,z_4,x_5,y_5,z_5
1,A,1,0.0,0.0,0.0,0.0,0.0,0.0,0.0,0.0,0.0,0.0,0.0,0.0,0.0,0.0,0.0
2,C,2,1.0,0.0,0.0,1.0,0.0,0.0,1.0,0.0,0.0,1.0,0.0,0.0,1.0,0.0,0.0
3,G,3,-1.9306941032409668,2.8629701137542725,0.0,-1.9306941032409668,2.8629701137542725,0.0,-1.9306941032409668,2.8629701137542725,0.0,-1.9306941032409668,2.8629701137542725,0.0,-1.9306941032409668,2.8629701137542725,0.0
4,U,4,-5.791831970214844,2.2848923206329346,0.0,-5.791831970214844,2.2848923206329346,0.0,-5.791831970214844,2.2848923206329346,0.0,-5.791831970214844,2.2848923206329346,0.0,-5.791831970214844,2.2848923206329346,0.0
5,A,5,-8.769546508789062,-0.5653811097145081,0.0,-8.769546508789062,-0.5653811097145081,0.0,-8.769546508789062,-0.5653811097145081,0.0,-8.769546508789062,-0.5653811097145081,0.0,-8.769546508789062,-0.5653811097145081,0.0
6,C,6,-10.163237571716309,-4.888872146606445,0.0,-10.163237571716309,-4.888872146606445,0.0,-10.163237571716309,-4.888872146606445,0.0,-10.163237571716309,-4.888872146606445,0.0,-10.163237571716309,-4.888872146606445,0.0
7,G,7,-9.127253532409668,-9.76079273223877,0.0,-9.127253532409668,-9.76079273223877,0.0,-9.127253532409668,-9.76079273223877,0.0,-9.127253532409668,-9.76079273223877,0.0,-9.127253532409668,-9.76079273223877,0.0
8,U,8,-3.2477755546569824,-9.500007629394531,0.0,-3.2477755546569824,-9.500007629394531,0.0,-3.2477755546569824,-9.500007629394531,0.0,-3.2477755546569824,-9.500007629394531,0.0,-3.2477755546569824,-9.500007629394531,0.0
