ID,resname,resid,x_1,y_1,z_1,x_2,y_2,z_2,x_3,y_3,z_3,x_4,y_4,z_4,x_5,y_5,z_5
1,A,1,1.0,0.0,0.0,1.0,0.0,0.0,1.0,0.0,0.0,1.0,0.0,0.0,1.0,0.0,0.0
2,C,2,0.46824562549591064,1.5016279220581055,0.0,0.46824562549591064,1.5016279220581055,0.0,0.46824562549591064,1.5016279220581055,0.0,0.46824562549591064,1.5016279220581055,0.0,0.46824562549591064,1.5016279220581055,0.0
3,G,3,-0.7023842334747314,1.5662240982055664,0.0,-0.7023842334747314,1.5662240982055664,0.0,-0.7023842334747314,1.5662240982055664,0.0,-0.7023842334747314,1.5662240982055664,0.0,-0.7023842334747314,1.5662240982055664,0.0
4,U,4,-0.7598118782043457,-0.3396768569946289,0.0,-0.7598118782043457,-0.3396768569946289,0.0,-0.7598118782043457,-0.3396768569946289,0.0,-0.7598118782043457,-0.3396768569946289,0.0,-0.7598118782043457,-0.3396768569946289,0.0
5,A,5,2.2997751235961914,-0.3939667344093323,0.0,2.2997751235961914,-0.3939667344093323,0.0,2.2997751235961914,-0.3939667344093323,0.0,2.2997751235961914,-0.3939667344093323,0.0,2.2997751235961914,-0.3939667344093323,0.0
6,C,6,2.665025472640991,1.7324233055114746,0.0,2.665025472640991,1.7324233055114746,0.0,2.665025472640991,1.7324233055114746,0.0,2.665025472640991,1.7324233055114746,0.0,2.665025472640991,1.7324233055114746,0.0
7,G,7,1.4942697286605835,1.8125640153884888,0.0,1.4942697286605835,1.8125640153884888,0.0,1.4942697286605835,1.8125640153884888,0.0,1.4942697286605835,1.8125640153884888,0.0,1.4942697286605835,1.8125640153884888,0.0
8,U,8,1.4183236360549927,-0.08191823959350586,0.0,1.4183236360549927,-0.08191823959350586,0.0,1.4183236360549927,-0.08191823959350586,0.0,1.4183236360549927,-0.08191823959350586,0.0,1.4183236360549927,-0.08191823959350586,0.0
